{"cameraMode":{"drawMode":0,"name":"Shaded","section":"Shading Mode"},"sceneLighting":false,"audioPlay":false,"sceneViewState":{"m_AlwaysRefresh":false,"showFog":true,"showSkybox":false,"showFlares":true,"showImageEffects":true,"showParticleSystems":true,"showVisualEffectGraphs":true,"m_FxEnabled":true},"in2DMode":false,"pivot":{"x":0.24335885047912599,"y":-0.9090762138366699,"z":-0.9294174909591675},"rotation":{"x":-0.30282700061798098,"y":0.48423996567726138,"z":-0.18328557908535005,"w":-0.8001558780670166},"size":2.7581331729888918,"orthographic":false}