{"cameraMode":{"drawMode":0,"name":"Shaded","section":"Shading Mode"},"sceneLighting":false,"audioPlay":false,"sceneViewState":{"m_AlwaysRefresh":false,"showFog":true,"showSkybox":false,"showFlares":true,"showImageEffects":true,"showParticleSystems":true,"showVisualEffectGraphs":true,"m_FxEnabled":true},"in2DMode":false,"pivot":{"x":5.960464477539063e-8,"y":0.6610599756240845,"z":0.03955411911010742},"rotation":{"x":-0.16590578854084016,"y":-0.039339158684015277,"z":0.006625024136155844,"w":-0.9853372573852539},"size":2.7581331729888918,"orthographic":false}