{"cameraMode":{"drawMode":0,"name":"Shaded","section":"Shading Mode"},"sceneLighting":true,"audioPlay":false,"sceneViewState":{"m_AlwaysRefresh":false,"showFog":true,"showSkybox":true,"showFlares":true,"showImageEffects":true,"showParticleSystems":true,"showVisualEffectGraphs":true,"m_FxEnabled":true},"in2DMode":false,"pivot":{"x":3.631624221801758,"y":0.28612613677978518,"z":0.14382553100585938},"rotation":{"x":-0.16590578854084016,"y":-0.039339158684015277,"z":0.006625024136155844,"w":-0.9853372573852539},"size":4.6731414794921879,"orthographic":false}