{"cameraMode":{"drawMode":0,"name":"Shaded","section":"Shading Mode"},"sceneLighting":true,"audioPlay":false,"sceneViewState":{"m_AlwaysRefresh":false,"showFog":true,"showSkybox":true,"showFlares":true,"showImageEffects":true,"showParticleSystems":true,"showVisualEffectGraphs":true,"m_FxEnabled":true},"in2DMode":false,"pivot":{"x":0.20167768001556397,"y":-4.039953231811523,"z":3.234009265899658},"rotation":{"x":-0.34788262844085696,"y":-0.04862949624657631,"z":0.01807195320725441,"w":-0.9361082315444946},"size":5.679036617279053,"orthographic":false}